{"cameraMode":{"drawMode":0,"name":"Shaded","section":"Shading Mode"},"sceneLighting":false,"audioPlay":false,"sceneViewState":{"showFog":true,"showMaterialUpdate":false,"showSkybox":false,"showFlares":true,"showImageEffects":true,"showParticleSystems":true},"in2DMode":false,"pivot":{"x":-0.301962673664093,"y":0.033793311566114429,"z":-0.1387884020805359},"rotation":{"x":-0.1391609162092209,"y":-0.42207810282707217,"z":0.06570098549127579,"w":-0.8934373259544373},"size":3.4574480056762697,"orthographic":false}